,Unnamed: 0,from_id,to_id,option,first_departure_time,total_wait_time,number_of_transfers,final_arrival_time,total_time (min),mode
0,0,1,1,0,0,0.0,0.0,,0.0,car
1,1,1,2,0,0,0.0,0.0,,8.13,car
2,2,1,3,0,0,0.0,0.0,,8.28,car
3,3,1,4,0,0,0.0,0.0,,6.62,car
4,4,2,1,0,0,0.0,0.0,,7.23,car
5,5,2,2,0,0,0.0,0.0,,0.0,car
6,6,2,3,0,0,0.0,0.0,,7.88,car
7,7,2,4,0,0,0.0,0.0,,6.05,car
8,8,3,1,0,0,0.0,0.0,,11.25,car
9,9,3,2,0,0,0.0,0.0,,6.88,car
10,10,3,3,0,0,0.0,0.0,,0.0,car
11,11,3,4,0,0,0.0,0.0,,5.0,car
12,12,4,1,0,0,0.0,0.0,,4.72,car
13,13,4,2,0,0,0.0,0.0,,5.62,car
14,14,4,3,0,0,0.0,0.0,,6.35,car
15,15,4,4,0,0,0.0,0.0,,0.0,car
0,0,1,1,0,0,0.0,0.0,,0.0,Shared_ride
1,1,1,2,0,0,0.0,0.0,,10.330506328549498,Shared_ride
2,2,1,3,0,0,0.0,0.0,,10.521106076308714,Shared_ride
3,3,1,4,0,0,0.0,0.0,,8.411802201106726,Shared_ride
4,4,2,1,0,0,0.0,0.0,,9.186907841994204,Shared_ride
5,5,2,2,0,0,0.0,0.0,,0.0,Shared_ride
6,6,2,3,0,0,0.0,0.0,,10.012840082284136,Shared_ride
7,7,2,4,0,0,0.0,0.0,,7.687523159621705,Shared_ride
8,8,3,1,0,0,0.0,0.0,,14.294981081941188,Shared_ride
9,9,3,2,0,0,0.0,0.0,,8.742175097222699,Shared_ride
10,10,3,3,0,0,0.0,0.0,,0.0,Shared_ride
11,11,3,4,0,0,0.0,0.0,,6.353324925307194,Shared_ride
12,12,4,1,0,0,0.0,0.0,,5.997538729489992,Shared_ride
13,13,4,2,0,0,0.0,0.0,,7.141137216045287,Shared_ride
14,14,4,3,0,0,0.0,0.0,,8.068722655140137,Shared_ride
15,15,4,4,0,0,0.0,0.0,,0.0,Shared_ride
0,0,1,1,0,0,0.0,0.0,,0.0,Transit
1,1,1,2,0,2024-04-05 12:05:37,3.12,1.0,2024-04-05 12:53:03,43.18,Transit
2,2,1,2,1,2024-04-05 12:02:26,3.5,1.0,2024-04-05 12:53:03,49.86,Transit
3,3,1,2,2,2024-04-05 12:05:37,3.27,1.0,2024-04-05 12:53:03,43.330000000000005,Transit
4,4,1,2,3,2024-04-05 12:05:37,6.62,1.0,2024-04-05 12:53:03,46.68,Transit
5,5,1,2,4,2024-04-05 12:02:26,3.67,1.0,2024-04-05 12:53:03,50.03,Transit
6,6,1,2,5,2024-04-05 12:05:37,3.43,1.0,2024-04-05 12:53:03,43.49,Transit
7,7,1,2,6,2024-04-05 12:05:37,6.82,1.0,2024-04-05 12:53:03,46.88,Transit
8,8,1,2,7,2024-04-05 12:05:37,3.55,1.0,2024-04-05 12:53:03,43.61,Transit
9,9,1,2,8,2024-04-05 12:05:37,6.9,1.0,2024-04-05 12:53:03,46.96,Transit
10,10,1,2,9,2024-04-05 12:05:37,3.75,1.0,2024-04-05 12:53:03,43.81,Transit
11,11,1,2,10,2024-04-05 12:02:26,4.05,1.0,2024-04-05 12:53:03,50.41,Transit
12,12,1,2,11,2024-04-05 12:05:37,7.1,1.0,2024-04-05 12:53:03,47.16,Transit
13,13,1,2,12,2024-04-05 12:02:26,4.15,1.0,2024-04-05 12:53:03,50.51,Transit
14,14,1,2,13,2024-04-05 12:05:37,3.95,1.0,2024-04-05 12:53:03,44.010000000000005,Transit
15,15,1,2,14,2024-04-05 12:05:37,7.27,1.0,2024-04-05 12:53:03,47.33,Transit
16,16,1,2,15,2024-04-05 12:05:37,2.8,1.0,2024-04-05 12:53:03,42.86,Transit
17,17,1,2,16,2024-04-05 12:02:26,4.32,1.0,2024-04-05 12:53:03,50.68,Transit
18,18,1,2,17,2024-04-05 12:05:37,4.17,1.0,2024-04-05 12:53:03,44.23,Transit
19,19,1,2,18,2024-04-05 12:02:26,1.17,1.0,2024-04-05 12:53:03,47.53,Transit
20,20,1,2,19,2024-04-05 12:02:26,4.52,1.0,2024-04-05 12:53:03,50.88,Transit
21,21,1,2,20,2024-04-05 12:05:37,4.27,1.0,2024-04-05 12:53:03,44.33,Transit
22,22,1,2,21,2024-04-05 12:02:26,3.88,1.0,2024-04-05 12:53:03,50.24,Transit
23,23,1,2,22,2024-04-05 12:02:26,1.3,1.0,2024-04-05 12:53:03,47.66,Transit
24,24,1,2,23,2024-04-05 12:05:37,4.4,1.0,2024-04-05 12:53:03,44.46,Transit
25,25,1,2,24,2024-04-05 12:02:26,4.68,1.0,2024-04-05 12:53:03,51.04,Transit
26,26,1,2,25,2024-04-05 12:02:26,1.52,1.0,2024-04-05 12:53:03,47.88,Transit
27,27,1,2,26,2024-04-05 12:02:26,4.83,1.0,2024-04-05 12:53:03,51.19,Transit
28,28,1,2,27,2024-04-05 12:05:37,4.58,1.0,2024-04-05 12:53:03,44.64,Transit
29,29,1,2,28,2024-04-05 12:05:37,4.67,1.0,2024-04-05 12:53:03,44.73,Transit
30,30,1,2,29,2024-04-05 12:02:26,5.02,1.0,2024-04-05 12:53:03,51.38,Transit
31,31,1,2,30,2024-04-05 12:02:26,1.75,1.0,2024-04-05 12:53:03,48.11,Transit
32,32,1,2,31,2024-04-05 12:05:37,4.78,1.0,2024-04-05 12:53:03,44.84,Transit
33,33,1,2,32,2024-04-05 12:02:26,1.87,1.0,2024-04-05 12:53:03,48.23,Transit
34,34,1,2,33,2024-04-05 12:02:26,5.2,1.0,2024-04-05 12:53:03,51.56,Transit
35,35,1,2,34,2024-04-05 12:05:37,5.0,1.0,2024-04-05 12:53:03,45.06,Transit
36,36,1,2,35,2024-04-05 12:02:26,2.05,1.0,2024-04-05 12:53:03,48.41,Transit
37,37,1,2,36,2024-04-05 12:05:37,5.08,1.0,2024-04-05 12:53:03,45.14,Transit
38,38,1,2,37,2024-04-05 12:00:06,1.1,1.0,2024-04-05 12:53:03,51.760000000000005,Transit
39,39,1,2,38,2024-04-05 12:02:26,2.17,1.0,2024-04-05 12:53:03,48.53,Transit
40,40,1,2,39,2024-04-05 12:05:37,5.28,1.0,2024-04-05 12:53:03,45.34,Transit
41,41,1,2,40,2024-04-05 12:00:06,1.3,1.0,2024-04-05 12:53:03,51.96,Transit
42,42,1,2,41,2024-04-05 12:05:37,5.37,1.0,2024-04-05 12:53:03,45.43,Transit
43,43,1,2,42,2024-04-05 12:05:37,2.65,1.0,2024-04-05 12:53:03,42.71,Transit
44,44,1,2,43,2024-04-05 12:02:26,2.4,1.0,2024-04-05 12:53:03,48.76,Transit
45,45,1,2,44,2024-04-05 12:02:26,2.73,1.0,2024-04-05 12:53:03,49.09,Transit
46,46,1,2,45,2024-04-05 12:05:37,2.18,1.0,2024-04-05 12:53:03,42.24,Transit
47,47,1,2,46,2024-04-05 12:05:37,5.48,1.0,2024-04-05 12:53:03,45.540000000000006,Transit
48,48,1,2,47,2024-04-05 12:05:37,5.57,1.0,2024-04-05 12:53:03,45.63,Transit
49,49,1,2,48,2024-04-05 12:02:26,2.63,1.0,2024-04-05 12:53:03,48.99,Transit
50,50,1,2,49,2024-04-05 12:05:37,2.4,1.0,2024-04-05 12:53:03,42.46,Transit
51,51,1,2,50,2024-04-05 12:05:37,5.75,1.0,2024-04-05 12:53:03,45.81,Transit
52,52,1,2,51,2024-04-05 12:05:37,2.48,1.0,2024-04-05 12:53:03,42.54,Transit
53,53,1,2,52,2024-04-05 12:05:37,5.9,1.0,2024-04-05 12:53:03,45.96,Transit
54,54,1,2,53,2024-04-05 12:02:26,2.92,1.0,2024-04-05 12:53:03,49.28,Transit
55,55,1,2,54,2024-04-05 12:05:37,6.02,1.0,2024-04-05 12:53:03,46.08,Transit
56,56,1,2,55,2024-04-05 12:02:26,3.07,1.0,2024-04-05 12:53:03,49.43,Transit
57,57,1,2,56,2024-04-05 12:05:37,6.17,1.0,2024-04-05 12:53:03,46.23,Transit
58,58,1,2,57,2024-04-05 12:05:37,2.9,1.0,2024-04-05 12:53:03,42.96,Transit
59,59,1,2,58,2024-04-05 12:02:26,3.27,1.0,2024-04-05 12:53:03,49.63,Transit
60,60,1,2,59,2024-04-05 12:05:37,6.38,1.0,2024-04-05 12:53:03,46.440000000000005,Transit
61,61,1,3,0,2024-04-05 12:05:37,6.82,2.0,2024-04-05 12:52:31,42.64,Transit
62,62,1,3,1,2024-04-05 12:02:26,3.5,1.0,2024-04-05 12:52:31,49.32,Transit
63,63,1,3,2,2024-04-05 12:05:37,6.97,2.0,2024-04-05 12:52:31,42.79,Transit
64,64,1,3,3,2024-04-05 12:05:37,10.32,2.0,2024-04-05 12:52:31,46.14,Transit
65,65,1,3,4,2024-04-05 12:02:26,3.67,1.0,2024-04-05 12:52:31,49.49,Transit
66,66,1,3,5,2024-04-05 12:05:37,7.13,2.0,2024-04-05 12:52:31,42.95,Transit
67,67,1,3,6,2024-04-05 12:05:37,10.52,2.0,2024-04-05 12:52:31,46.34,Transit
68,68,1,3,7,2024-04-05 12:05:37,7.25,2.0,2024-04-05 12:52:31,43.07,Transit
69,69,1,3,8,2024-04-05 12:05:37,10.6,2.0,2024-04-05 12:52:31,46.42,Transit
70,70,1,3,9,2024-04-05 12:05:37,7.45,2.0,2024-04-05 12:52:31,43.27,Transit
71,71,1,3,10,2024-04-05 12:02:26,4.05,1.0,2024-04-05 12:52:31,49.87,Transit
72,72,1,3,11,2024-04-05 12:05:37,10.8,2.0,2024-04-05 12:52:31,46.620000000000005,Transit
73,73,1,3,12,2024-04-05 12:02:26,4.15,1.0,2024-04-05 12:52:31,49.97,Transit
74,74,1,3,13,2024-04-05 12:05:37,7.65,2.0,2024-04-05 12:52:31,43.47,Transit
75,75,1,3,14,2024-04-05 12:05:37,10.97,2.0,2024-04-05 12:52:31,46.79,Transit
76,76,1,3,15,2024-04-05 12:05:37,6.5,2.0,2024-04-05 12:52:31,42.32,Transit
77,77,1,3,16,2024-04-05 12:02:26,4.32,1.0,2024-04-05 12:52:31,50.14,Transit
78,78,1,3,17,2024-04-05 12:05:37,7.87,2.0,2024-04-05 12:52:31,43.69,Transit
79,79,1,3,18,2024-04-05 12:02:26,1.17,1.0,2024-04-05 12:52:31,46.99,Transit
80,80,1,3,19,2024-04-05 12:00:06,1.05,1.0,2024-04-05 12:52:31,50.33,Transit
81,81,1,3,20,2024-04-05 12:05:37,7.970000000000001,2.0,2024-04-05 12:52:31,43.79,Transit
82,82,1,3,21,2024-04-05 12:02:26,3.88,1.0,2024-04-05 12:52:31,49.7,Transit
83,83,1,3,22,2024-04-05 12:02:26,1.3,1.0,2024-04-05 12:52:31,47.12,Transit
84,84,1,3,23,2024-04-05 12:05:37,8.1,2.0,2024-04-05 12:52:31,43.92,Transit
85,85,1,3,24,2024-04-05 12:00:06,1.22,1.0,2024-04-05 12:52:31,50.5,Transit
86,86,1,3,25,2024-04-05 12:02:26,1.52,1.0,2024-04-05 12:52:31,47.34,Transit
87,87,1,3,26,2024-04-05 12:00:06,1.37,1.0,2024-04-05 12:52:31,50.65,Transit
88,88,1,3,27,2024-04-05 12:05:37,8.28,2.0,2024-04-05 12:52:31,44.1,Transit
89,89,1,3,28,2024-04-05 12:05:37,8.370000000000001,2.0,2024-04-05 12:52:31,44.19,Transit
90,90,1,3,29,2024-04-05 12:00:06,1.55,1.0,2024-04-05 12:52:31,50.83,Transit
91,91,1,3,30,2024-04-05 12:02:26,1.75,1.0,2024-04-05 12:52:31,47.57,Transit
92,92,1,3,31,2024-04-05 12:05:37,8.48,2.0,2024-04-05 12:52:31,44.3,Transit
93,93,1,3,32,2024-04-05 12:02:26,1.87,1.0,2024-04-05 12:52:31,47.69,Transit
94,94,1,3,33,2024-04-05 12:00:06,1.73,1.0,2024-04-05 12:52:31,51.01,Transit
95,95,1,3,34,2024-04-05 12:05:37,8.7,2.0,2024-04-05 12:52:31,44.52,Transit
96,96,1,3,35,2024-04-05 12:02:26,2.05,1.0,2024-04-05 12:52:31,47.87,Transit
97,97,1,3,36,2024-04-05 12:05:37,8.78,2.0,2024-04-05 12:52:31,44.6,Transit
98,98,1,3,37,2024-04-05 12:00:06,1.93,1.0,2024-04-05 12:52:31,51.21,Transit
99,99,1,3,38,2024-04-05 12:02:26,2.17,1.0,2024-04-05 12:52:31,47.99,Transit
100,100,1,3,39,2024-04-05 12:05:37,8.98,2.0,2024-04-05 12:52:31,44.8,Transit
101,101,1,3,40,2024-04-05 12:00:06,2.13,1.0,2024-04-05 12:52:31,51.41,Transit
102,102,1,3,41,2024-04-05 12:05:37,9.07,2.0,2024-04-05 12:52:31,44.89,Transit
103,103,1,3,42,2024-04-05 12:05:37,6.35,2.0,2024-04-05 12:52:31,42.17,Transit
104,104,1,3,43,2024-04-05 12:02:26,2.4,1.0,2024-04-05 12:52:31,48.22,Transit
105,105,1,3,44,2024-04-05 12:02:26,2.73,1.0,2024-04-05 12:52:31,48.55,Transit
106,106,1,3,45,2024-04-05 12:09:49,7.720000000000001,2.0,2024-04-05 12:52:31,41.7,Transit
107,107,1,3,46,2024-04-05 12:05:37,9.18,2.0,2024-04-05 12:52:31,45.0,Transit
108,108,1,3,47,2024-04-05 12:05:37,9.27,2.0,2024-04-05 12:52:31,45.09,Transit
109,109,1,3,48,2024-04-05 12:02:26,2.63,1.0,2024-04-05 12:52:31,48.45,Transit
110,110,1,3,49,2024-04-05 12:05:37,6.1,2.0,2024-04-05 12:52:31,41.92,Transit
111,111,1,3,50,2024-04-05 12:05:37,9.45,2.0,2024-04-05 12:52:31,45.27,Transit
112,112,1,3,51,2024-04-05 12:05:37,6.18,2.0,2024-04-05 12:52:31,42.0,Transit
113,113,1,3,52,2024-04-05 12:05:37,9.6,2.0,2024-04-05 12:52:31,45.42,Transit
114,114,1,3,53,2024-04-05 12:02:26,2.92,1.0,2024-04-05 12:52:31,48.74,Transit
115,115,1,3,54,2024-04-05 12:05:37,9.72,2.0,2024-04-05 12:52:31,45.54,Transit
116,116,1,3,55,2024-04-05 12:02:26,3.07,1.0,2024-04-05 12:52:31,48.89,Transit
117,117,1,3,56,2024-04-05 12:05:37,9.87,2.0,2024-04-05 12:52:31,45.69,Transit
118,118,1,3,57,2024-04-05 12:05:37,6.6,2.0,2024-04-05 12:52:31,42.42,Transit
119,119,1,3,58,2024-04-05 12:02:26,3.27,1.0,2024-04-05 12:52:31,49.09,Transit
120,120,1,3,59,2024-04-05 12:05:37,10.08,2.0,2024-04-05 12:52:31,45.9,Transit
121,121,1,4,0,2024-04-05 12:05:37,6.82,2.0,2024-04-05 12:37:06,27.22,Transit
122,122,1,4,1,2024-04-05 12:02:26,1.37,1.0,2024-04-05 12:37:06,33.9,Transit
123,123,1,4,2,2024-04-05 12:05:37,6.97,2.0,2024-04-05 12:37:06,27.37,Transit
124,124,1,4,3,2024-04-05 12:05:37,10.32,2.0,2024-04-05 12:37:06,30.72,Transit
125,125,1,4,4,2024-04-05 12:02:26,1.53,1.0,2024-04-05 12:37:06,34.06,Transit
126,126,1,4,5,2024-04-05 12:05:37,7.13,2.0,2024-04-05 12:37:06,27.53,Transit
127,127,1,4,6,2024-04-05 12:05:37,10.52,2.0,2024-04-05 12:37:06,30.92,Transit
128,128,1,4,7,2024-04-05 12:05:37,7.25,2.0,2024-04-05 12:37:06,27.65,Transit
129,129,1,4,8,2024-04-05 12:05:37,10.6,2.0,2024-04-05 12:37:06,31.0,Transit
130,130,1,4,9,2024-04-05 12:05:37,7.45,2.0,2024-04-05 12:37:06,27.85,Transit
131,131,1,4,10,2024-04-05 12:02:26,1.92,1.0,2024-04-05 12:37:06,34.45,Transit
132,132,1,4,11,2024-04-05 12:05:37,10.8,2.0,2024-04-05 12:37:06,31.2,Transit
133,133,1,4,12,2024-04-05 12:02:26,2.02,1.0,2024-04-05 12:37:06,34.550000000000004,Transit
134,134,1,4,13,2024-04-05 12:05:37,7.65,2.0,2024-04-05 12:37:06,28.05,Transit
135,135,1,4,14,2024-04-05 12:05:37,10.97,2.0,2024-04-05 12:37:06,31.37,Transit
136,136,1,4,15,2024-04-05 12:05:37,6.5,2.0,2024-04-05 12:37:06,26.9,Transit
137,137,1,4,16,2024-04-05 12:02:26,2.18,1.0,2024-04-05 12:37:06,34.71,Transit
138,138,1,4,17,2024-04-05 12:05:37,7.87,2.0,2024-04-05 12:37:06,28.27,Transit
139,139,1,4,18,2024-04-05 12:05:37,11.17,2.0,2024-04-05 12:37:06,31.57,Transit
140,140,1,4,19,2024-04-05 12:02:26,2.38,1.0,2024-04-05 12:37:06,34.910000000000004,Transit
141,141,1,4,20,2024-04-05 12:05:37,7.970000000000001,2.0,2024-04-05 12:37:06,28.37,Transit
142,142,1,4,21,2024-04-05 12:02:26,1.75,1.0,2024-04-05 12:37:06,34.28,Transit
143,143,1,4,22,2024-04-05 12:05:37,11.3,2.0,2024-04-05 12:37:06,31.7,Transit
144,144,1,4,23,2024-04-05 12:05:37,8.1,2.0,2024-04-05 12:37:06,28.5,Transit
145,145,1,4,24,2024-04-05 12:02:26,2.55,1.0,2024-04-05 12:37:06,35.08,Transit
146,146,1,4,25,2024-04-05 12:02:38,1.2,1.0,2024-04-05 12:37:06,31.92,Transit
147,147,1,4,26,2024-04-05 12:02:26,2.7,1.0,2024-04-05 12:37:06,35.230000000000004,Transit
148,148,1,4,27,2024-04-05 12:05:37,8.28,2.0,2024-04-05 12:37:06,28.68,Transit
149,149,1,4,28,2024-04-05 12:05:37,8.370000000000001,2.0,2024-04-05 12:37:06,28.77,Transit
150,150,1,4,29,2024-04-05 12:02:26,2.88,1.0,2024-04-05 12:37:06,35.410000000000004,Transit
151,151,1,4,30,2024-04-05 12:02:38,1.43,1.0,2024-04-05 12:37:06,32.150000000000006,Transit
152,152,1,4,31,2024-04-05 12:05:37,8.48,2.0,2024-04-05 12:37:06,28.88,Transit
153,153,1,4,32,2024-04-05 12:02:38,1.55,1.0,2024-04-05 12:37:06,32.27,Transit
154,154,1,4,33,2024-04-05 12:02:26,3.07,1.0,2024-04-05 12:34:36,33.099999999999994,Transit
155,155,1,4,34,2024-04-05 12:05:37,8.7,2.0,2024-04-05 12:37:06,29.1,Transit
156,156,1,4,35,2024-04-05 12:02:38,1.73,1.0,2024-04-05 12:37:06,32.45,Transit
157,157,1,4,36,2024-04-05 12:05:37,8.78,2.0,2024-04-05 12:37:06,29.18,Transit
158,158,1,4,37,2024-04-05 12:02:26,3.27,1.0,2024-04-05 12:34:36,33.3,Transit
159,159,1,4,38,2024-04-05 12:02:38,1.85,1.0,2024-04-05 12:37:06,32.57,Transit
160,160,1,4,39,2024-04-05 12:05:37,8.98,2.0,2024-04-05 12:37:06,29.38,Transit
161,161,1,4,40,2024-04-05 12:02:26,3.47,1.0,2024-04-05 12:34:36,33.5,Transit
162,162,1,4,41,2024-04-05 12:05:37,9.07,2.0,2024-04-05 12:37:06,29.47,Transit
163,163,1,4,42,2024-04-05 12:05:37,6.35,2.0,2024-04-05 12:37:06,26.75,Transit
164,164,1,4,43,2024-04-05 12:02:38,2.08,1.0,2024-04-05 12:37:06,32.800000000000004,Transit
165,165,1,4,44,2024-04-05 12:02:38,2.42,1.0,2024-04-05 12:37:06,33.14,Transit
166,166,1,4,45,2024-04-05 12:09:49,7.720000000000001,2.0,2024-04-05 12:37:06,26.28,Transit
167,167,1,4,46,2024-04-05 12:05:37,9.18,2.0,2024-04-05 12:37:06,29.58,Transit
168,168,1,4,47,2024-04-05 12:05:37,9.27,2.0,2024-04-05 12:37:06,29.67,Transit
169,169,1,4,48,2024-04-05 12:02:38,2.32,1.0,2024-04-05 12:37:06,33.04,Transit
170,170,1,4,49,2024-04-05 12:05:37,6.1,2.0,2024-04-05 12:37:06,26.5,Transit
171,171,1,4,50,2024-04-05 12:05:37,9.45,2.0,2024-04-05 12:37:06,29.85,Transit
172,172,1,4,51,2024-04-05 12:05:37,6.18,2.0,2024-04-05 12:37:06,26.58,Transit
173,173,1,4,52,2024-04-05 12:05:37,9.6,2.0,2024-04-05 12:37:06,30.0,Transit
174,174,1,4,53,2024-04-05 12:02:38,2.6,1.0,2024-04-05 12:37:06,33.32,Transit
175,175,1,4,54,2024-04-05 12:05:37,9.72,2.0,2024-04-05 12:37:06,30.12,Transit
176,176,1,4,55,2024-04-05 12:02:38,2.75,1.0,2024-04-05 12:37:06,33.47,Transit
177,177,1,4,56,2024-04-05 12:05:37,9.87,2.0,2024-04-05 12:37:06,30.27,Transit
178,178,1,4,57,2024-04-05 12:05:37,6.6,2.0,2024-04-05 12:37:06,27.0,Transit
179,179,1,4,58,2024-04-05 12:02:26,1.13,1.0,2024-04-05 12:37:06,33.660000000000004,Transit
180,180,1,4,59,2024-04-05 12:05:37,10.08,2.0,2024-04-05 12:37:06,30.48,Transit
181,181,2,1,0,2024-04-05 12:05:37,3.58,1.0,2024-04-05 13:12:58,63.08,Transit
182,182,2,1,1,2024-04-05 12:01:49,1.03,1.0,2024-04-05 12:55:25,52.21000000000001,Transit
183,183,2,1,2,2024-04-05 12:05:37,3.73,1.0,2024-04-05 13:12:58,63.23,Transit
184,184,2,1,3,2024-04-05 12:05:37,7.08,1.0,2024-04-05 13:12:58,66.58,Transit
185,185,2,1,4,2024-04-05 12:01:49,1.2,1.0,2024-04-05 12:55:25,52.38000000000001,Transit
186,186,2,1,5,2024-04-05 12:05:37,3.9,1.0,2024-04-05 13:12:58,63.4,Transit
187,187,2,1,6,2024-04-05 12:05:37,7.28,1.0,2024-04-05 13:12:58,66.78,Transit
188,188,2,1,7,2024-04-05 12:05:37,4.02,1.0,2024-04-05 13:12:58,63.52,Transit
189,189,2,1,8,2024-04-05 12:05:37,7.37,1.0,2024-04-05 13:12:58,66.87,Transit
190,190,2,1,9,2024-04-05 12:05:37,4.22,1.0,2024-04-05 13:12:58,63.72,Transit
191,191,2,1,10,2024-04-05 12:01:49,1.58,1.0,2024-04-05 12:55:25,52.760000000000005,Transit
192,192,2,1,11,2024-04-05 12:05:37,7.57,1.0,2024-04-05 13:12:58,67.07,Transit
193,193,2,1,12,2024-04-05 12:00:06,1.05,1.0,2024-04-05 13:12:58,54.81999999999999,Transit
194,194,2,1,13,2024-04-05 12:05:37,4.42,1.0,2024-04-05 13:12:58,63.92,Transit
195,195,2,1,14,2024-04-05 12:05:37,7.73,1.0,2024-04-05 13:12:58,67.23,Transit
196,196,2,1,15,2024-04-05 12:05:37,3.27,1.0,2024-04-05 13:12:58,62.77,Transit
197,197,2,1,16,2024-04-05 12:00:06,1.22,1.0,2024-04-05 13:12:58,54.99,Transit
198,198,2,1,17,2024-04-05 12:05:37,4.63,1.0,2024-04-05 13:12:58,64.13,Transit
199,199,2,1,18,2024-04-05 12:05:37,7.93,1.0,2024-04-05 13:12:58,67.43,Transit
200,200,2,1,19,2024-04-05 12:00:06,1.42,1.0,2024-04-05 13:12:58,55.19,Transit
201,201,2,1,20,2024-04-05 12:05:37,4.73,1.0,2024-04-05 13:12:58,64.23,Transit
202,202,2,1,21,2024-04-05 12:01:49,1.42,1.0,2024-04-05 12:55:25,52.60000000000001,Transit
203,203,2,1,22,2024-04-05 12:05:37,8.07,1.0,2024-04-05 13:12:58,67.57,Transit
204,204,2,1,23,2024-04-05 12:05:37,4.87,1.0,2024-04-05 13:12:58,64.37,Transit
205,205,2,1,24,2024-04-05 12:00:06,1.58,1.0,2024-04-05 13:12:58,55.35,Transit
206,206,2,1,25,2024-04-05 12:05:37,8.28,1.0,2024-04-05 13:12:58,67.78,Transit
207,207,2,1,26,2024-04-05 12:00:06,1.73,1.0,2024-04-05 13:12:58,55.49999999999999,Transit
208,208,2,1,27,2024-04-05 12:05:37,5.05,1.0,2024-04-05 13:12:58,64.55,Transit
209,209,2,1,28,2024-04-05 12:05:37,5.13,1.0,2024-04-05 13:12:58,64.63,Transit
210,210,2,1,29,2024-04-05 12:00:06,1.92,1.0,2024-04-05 13:12:58,55.69,Transit
211,211,2,1,30,2024-04-05 12:05:37,8.52,1.0,2024-04-05 13:12:58,68.02,Transit
212,212,2,1,31,2024-04-05 12:05:37,5.25,1.0,2024-04-05 13:12:58,64.75,Transit
213,213,2,1,32,2024-04-05 12:02:26,1.05,1.0,2024-04-05 12:55:25,50.58,Transit
214,214,2,1,33,2024-04-05 12:00:06,2.1,1.0,2024-04-05 13:12:58,55.87,Transit
215,215,2,1,34,2024-04-05 12:05:37,5.47,1.0,2024-04-05 13:12:58,64.97,Transit
216,216,2,1,35,2024-04-05 12:02:26,1.23,1.0,2024-04-05 12:55:25,50.76,Transit
217,217,2,1,36,2024-04-05 12:05:37,5.55,1.0,2024-04-05 13:12:58,65.05,Transit
218,218,2,1,37,2024-04-05 12:00:06,2.3,1.0,2024-04-05 13:12:58,56.06999999999999,Transit
219,219,2,1,38,2024-04-05 12:02:26,1.35,1.0,2024-04-05 12:55:25,50.88,Transit
220,220,2,1,39,2024-04-05 12:05:37,5.75,1.0,2024-04-05 13:12:58,65.25,Transit
221,221,2,1,40,2024-04-05 12:00:06,2.5,1.0,2024-04-05 13:12:58,56.27,Transit
222,222,2,1,41,2024-04-05 12:05:37,5.83,1.0,2024-04-05 13:12:58,65.33,Transit
223,223,2,1,42,2024-04-05 12:05:37,3.12,1.0,2024-04-05 13:12:58,62.62,Transit
224,224,2,1,43,2024-04-05 12:02:26,1.58,1.0,2024-04-05 12:55:25,51.11,Transit
225,225,2,1,44,2024-04-05 12:02:26,1.92,1.0,2024-04-05 12:55:25,51.45,Transit
226,226,2,1,45,2024-04-05 12:05:37,2.65,1.0,2024-04-05 13:12:58,62.15,Transit
227,227,2,1,46,2024-04-05 12:05:37,5.95,1.0,2024-04-05 13:12:58,65.45,Transit
228,228,2,1,47,2024-04-05 12:05:37,6.03,1.0,2024-04-05 13:12:58,65.53,Transit
229,229,2,1,48,2024-04-05 12:02:26,1.82,1.0,2024-04-05 12:55:25,51.35,Transit
230,230,2,1,49,2024-04-05 12:05:37,2.87,1.0,2024-04-05 13:12:58,62.37,Transit
231,231,2,1,50,2024-04-05 12:05:37,6.22,1.0,2024-04-05 13:12:58,65.72,Transit
232,232,2,1,51,2024-04-05 12:05:37,2.95,1.0,2024-04-05 13:12:58,62.45,Transit
233,233,2,1,52,2024-04-05 12:05:37,6.37,1.0,2024-04-05 13:12:58,65.87,Transit
234,234,2,1,53,2024-04-05 12:02:26,2.1,1.0,2024-04-05 12:55:25,51.63,Transit
235,235,2,1,54,2024-04-05 12:05:37,6.48,1.0,2024-04-05 13:12:58,65.98,Transit
236,236,2,1,55,2024-04-05 12:02:26,2.25,1.0,2024-04-05 12:55:25,51.78,Transit
237,237,2,1,56,2024-04-05 12:05:37,6.63,1.0,2024-04-05 13:12:58,66.13,Transit
238,238,2,1,57,2024-04-05 12:05:37,3.37,1.0,2024-04-05 13:12:58,62.87,Transit
239,239,2,1,58,2024-04-05 12:02:26,2.45,1.0,2024-04-05 12:55:25,51.98,Transit
240,240,2,1,59,2024-04-05 12:05:37,6.85,1.0,2024-04-05 13:12:58,66.35,Transit
241,241,2,2,0,0,0.0,0.0,,0.0,Transit
242,242,2,3,0,2024-04-05 12:05:37,3.43,1.0,2024-04-05 13:05:14,55.35,Transit
243,243,2,3,1,2024-04-05 12:02:26,1.42,1.0,2024-04-05 12:59:05,55.88,Transit
244,244,2,3,2,2024-04-05 12:05:37,3.58,1.0,2024-04-05 13:05:14,55.5,Transit
245,245,2,3,3,2024-04-05 12:05:37,6.93,1.0,2024-04-05 13:05:14,58.85,Transit
246,246,2,3,4,2024-04-05 12:02:26,1.58,1.0,2024-04-05 12:59:05,56.03999999999999,Transit
247,247,2,3,5,2024-04-05 12:05:37,3.75,1.0,2024-04-05 13:05:14,55.67,Transit
248,248,2,3,6,2024-04-05 12:05:37,7.13,1.0,2024-04-05 13:05:14,59.05,Transit
249,249,2,3,7,2024-04-05 12:05:37,3.87,1.0,2024-04-05 13:05:14,55.79,Transit
250,250,2,3,8,2024-04-05 12:05:37,7.22,1.0,2024-04-05 13:05:14,59.14,Transit
251,251,2,3,9,2024-04-05 12:05:37,4.07,1.0,2024-04-05 13:05:14,55.99,Transit
252,252,2,3,10,2024-04-05 12:02:26,1.97,1.0,2024-04-05 12:59:05,56.42999999999999,Transit
253,253,2,3,11,2024-04-05 12:05:37,7.42,1.0,2024-04-05 13:05:14,59.34,Transit
254,254,2,3,12,2024-04-05 12:02:26,2.07,1.0,2024-04-05 12:59:05,56.53,Transit
255,255,2,3,13,2024-04-05 12:05:37,4.27,1.0,2024-04-05 13:05:14,56.19,Transit
256,256,2,3,14,2024-04-05 12:05:37,7.58,1.0,2024-04-05 13:05:14,59.5,Transit
257,257,2,3,15,2024-04-05 12:05:37,3.12,1.0,2024-04-05 13:05:14,55.04,Transit
258,258,2,3,16,2024-04-05 12:02:26,2.23,1.0,2024-04-05 12:59:05,56.68999999999999,Transit
259,259,2,3,17,2024-04-05 12:05:37,4.48,1.0,2024-04-05 13:05:14,56.400000000000006,Transit
260,260,2,3,18,2024-04-05 12:05:37,7.78,1.0,2024-04-05 13:05:14,59.7,Transit
261,261,2,3,19,2024-04-05 12:02:26,2.43,1.0,2024-04-05 12:59:05,56.88999999999999,Transit
262,262,2,3,20,2024-04-05 12:05:37,4.58,1.0,2024-04-05 13:05:14,56.5,Transit
263,263,2,3,21,2024-04-05 12:02:26,1.8,1.0,2024-04-05 12:59:05,56.25999999999999,Transit
264,264,2,3,22,2024-04-05 12:05:37,7.92,1.0,2024-04-05 13:05:14,59.84,Transit
265,265,2,3,23,2024-04-05 12:05:37,4.72,1.0,2024-04-05 13:05:14,56.64,Transit
266,266,2,3,24,2024-04-05 12:02:26,2.6,1.0,2024-04-05 12:59:05,57.06,Transit
267,267,2,3,25,2024-04-05 12:05:37,8.13,1.0,2024-04-05 13:05:14,60.05,Transit
268,268,2,3,26,2024-04-05 12:02:26,2.75,1.0,2024-04-05 12:59:05,57.21,Transit
269,269,2,3,27,2024-04-05 12:05:37,4.9,1.0,2024-04-05 13:05:14,56.82,Transit
270,270,2,3,28,2024-04-05 12:05:37,4.98,1.0,2024-04-05 13:05:14,56.900000000000006,Transit
271,271,2,3,29,2024-04-05 12:00:06,1.13,1.0,2024-04-05 12:52:31,50.830000000000005,Transit
272,272,2,3,30,2024-04-05 12:05:37,8.37,1.0,2024-04-05 13:05:14,60.29,Transit
273,273,2,3,31,2024-04-05 12:05:37,5.1,1.0,2024-04-05 13:05:14,57.02,Transit
274,274,2,3,32,2024-04-05 12:05:37,8.48,1.0,2024-04-05 13:05:14,60.400000000000006,Transit
275,275,2,3,33,2024-04-05 12:00:06,1.32,1.0,2024-04-05 12:52:31,51.02,Transit
276,276,2,3,34,2024-04-05 12:05:37,5.32,1.0,2024-04-05 13:05:14,57.24,Transit
277,277,2,3,35,2024-04-05 12:05:37,8.67,1.0,2024-04-05 13:05:14,60.59,Transit
278,278,2,3,36,2024-04-05 12:05:37,5.4,1.0,2024-04-05 13:05:14,57.32,Transit
279,279,2,3,37,2024-04-05 12:00:06,1.52,1.0,2024-04-05 12:52:31,51.220000000000006,Transit
280,280,2,3,38,2024-04-05 12:05:37,8.78,1.0,2024-04-05 13:05:14,60.7,Transit
281,281,2,3,39,2024-04-05 12:05:37,5.6,1.0,2024-04-05 13:05:14,57.52,Transit
282,282,2,3,40,2024-04-05 12:00:06,1.72,1.0,2024-04-05 12:52:31,51.42,Transit
283,283,2,3,41,2024-04-05 12:05:37,5.68,1.0,2024-04-05 13:05:14,57.6,Transit
284,284,2,3,42,2024-04-05 12:05:37,2.97,1.0,2024-04-05 13:05:14,54.89,Transit
285,285,2,3,43,2024-04-05 12:05:37,9.02,1.0,2024-04-05 13:05:14,60.94,Transit
286,286,2,3,44,2024-04-05 12:02:38,1.17,1.0,2024-04-05 12:56:23,52.42,Transit
287,287,2,3,45,2024-04-05 12:05:37,2.5,1.0,2024-04-05 13:05:14,54.42,Transit
288,288,2,3,46,2024-04-05 12:05:37,5.8,1.0,2024-04-05 13:05:14,57.72,Transit
289,289,2,3,47,2024-04-05 12:05:37,5.88,1.0,2024-04-05 13:05:14,57.8,Transit
290,290,2,3,48,2024-04-05 12:02:38,1.07,1.0,2024-04-05 12:56:23,52.32,Transit
291,291,2,3,49,2024-04-05 12:05:37,2.72,1.0,2024-04-05 13:05:14,54.64,Transit
292,292,2,3,50,2024-04-05 12:05:37,6.07,1.0,2024-04-05 13:05:14,57.99,Transit
293,293,2,3,51,2024-04-05 12:05:37,2.8,1.0,2024-04-05 13:05:14,54.72,Transit
294,294,2,3,52,2024-04-05 12:05:37,6.22,1.0,2024-04-05 13:05:14,58.14,Transit
295,295,2,3,53,2024-04-05 12:02:38,1.35,1.0,2024-04-05 12:56:23,52.6,Transit
296,296,2,3,54,2024-04-05 12:05:37,6.33,1.0,2024-04-05 13:05:14,58.25,Transit
297,297,2,3,55,2024-04-05 12:02:38,1.5,1.0,2024-04-05 12:56:23,52.75,Transit
298,298,2,3,56,2024-04-05 12:05:37,6.48,1.0,2024-04-05 13:05:14,58.400000000000006,Transit
299,299,2,3,57,2024-04-05 12:05:37,3.22,1.0,2024-04-05 13:05:14,55.14,Transit
300,300,2,3,58,2024-04-05 12:02:26,1.18,1.0,2024-04-05 12:59:05,55.63999999999999,Transit
301,301,2,3,59,2024-04-05 12:05:37,6.7,1.0,2024-04-05 13:05:14,58.620000000000005,Transit
302,302,2,4,0,2024-04-05 12:05:37,2.58,1.0,2024-04-05 12:50:17,40.39,Transit
303,303,2,4,1,2024-04-05 12:02:26,2.88,1.0,2024-04-05 12:45:16,42.06,Transit
304,304,2,4,2,2024-04-05 12:05:37,2.73,1.0,2024-04-05 12:50:17,40.54,Transit
305,305,2,4,3,2024-04-05 12:05:37,6.08,1.0,2024-04-05 12:50:17,43.89,Transit
306,306,2,4,4,2024-04-05 12:02:26,3.05,1.0,2024-04-05 12:45:16,42.23,Transit
307,307,2,4,5,2024-04-05 12:05:37,2.9,1.0,2024-04-05 12:50:17,40.71,Transit
308,308,2,4,6,2024-04-05 12:05:37,6.28,1.0,2024-04-05 12:50:17,44.09,Transit
309,309,2,4,7,2024-04-05 12:05:37,3.02,1.0,2024-04-05 12:50:17,40.830000000000005,Transit
310,310,2,4,8,2024-04-05 12:05:37,6.37,1.0,2024-04-05 12:50:17,44.18,Transit
311,311,2,4,9,2024-04-05 12:05:37,3.22,1.0,2024-04-05 12:50:17,41.03,Transit
312,312,2,4,10,2024-04-05 12:02:26,3.43,1.0,2024-04-05 12:45:16,42.61,Transit
313,313,2,4,11,2024-04-05 12:05:37,6.57,1.0,2024-04-05 12:50:17,44.38,Transit
314,314,2,4,12,2024-04-05 12:02:26,3.53,1.0,2024-04-05 12:45:16,42.71,Transit
315,315,2,4,13,2024-04-05 12:05:37,3.42,1.0,2024-04-05 12:50:17,41.23,Transit
316,316,2,4,14,2024-04-05 12:05:37,6.73,1.0,2024-04-05 12:50:17,44.540000000000006,Transit
317,317,2,4,15,2024-04-05 12:05:37,2.27,1.0,2024-04-05 12:50:17,40.080000000000005,Transit
318,318,2,4,16,2024-04-05 12:02:26,3.7,1.0,2024-04-05 12:45:16,42.88,Transit
319,319,2,4,17,2024-04-05 12:05:37,3.63,1.0,2024-04-05 12:50:17,41.440000000000005,Transit
320,320,2,4,18,2024-04-05 12:05:37,6.93,1.0,2024-04-05 12:50:17,44.74,Transit
321,321,2,4,19,2024-04-05 12:02:26,3.9,1.0,2024-04-05 12:45:16,43.08,Transit
322,322,2,4,20,2024-04-05 12:05:37,3.73,1.0,2024-04-05 12:50:17,41.54,Transit
323,323,2,4,21,2024-04-05 12:02:26,3.27,1.0,2024-04-05 12:45:16,42.45,Transit
324,324,2,4,22,2024-04-05 12:05:37,7.07,1.0,2024-04-05 12:50:17,44.88,Transit
325,325,2,4,23,2024-04-05 12:05:37,3.87,1.0,2024-04-05 12:50:17,41.68,Transit
326,326,2,4,24,2024-04-05 12:02:26,4.07,1.0,2024-04-05 12:45:16,43.25,Transit
327,327,2,4,25,2024-04-05 12:05:37,7.28,1.0,2024-04-05 12:50:17,45.09,Transit
328,328,2,4,26,2024-04-05 12:02:26,4.22,1.0,2024-04-05 12:45:16,43.4,Transit
329,329,2,4,27,2024-04-05 12:05:37,4.05,1.0,2024-04-05 12:50:17,41.86,Transit
330,330,2,4,28,2024-04-05 12:05:37,4.13,1.0,2024-04-05 12:50:17,41.940000000000005,Transit
331,331,2,4,29,2024-04-05 12:02:26,4.4,1.0,2024-04-05 12:45:16,43.58,Transit
332,332,2,4,30,2024-04-05 12:02:26,1.13,1.0,2024-04-05 12:45:16,40.31,Transit
333,333,2,4,31,2024-04-05 12:05:37,4.25,1.0,2024-04-05 12:50:17,42.06,Transit
334,334,2,4,32,2024-04-05 12:02:26,1.25,1.0,2024-04-05 12:45:16,40.43,Transit
335,335,2,4,33,2024-04-05 12:02:26,4.58,1.0,2024-04-05 12:45:16,43.76,Transit
336,336,2,4,34,2024-04-05 12:05:37,4.47,1.0,2024-04-05 12:50:17,42.28,Transit
337,337,2,4,35,2024-04-05 12:02:26,1.43,1.0,2024-04-05 12:45:16,40.61,Transit
338,338,2,4,36,2024-04-05 12:05:37,4.55,1.0,2024-04-05 12:50:17,42.36,Transit
339,339,2,4,37,2024-04-05 12:02:26,4.78,1.0,2024-04-05 12:45:16,43.96,Transit
340,340,2,4,38,2024-04-05 12:02:26,1.55,1.0,2024-04-05 12:45:16,40.73,Transit
341,341,2,4,39,2024-04-05 12:05:37,4.75,1.0,2024-04-05 12:50:17,42.56,Transit
342,342,2,4,40,2024-04-05 12:02:26,4.98,1.0,2024-04-05 12:45:16,44.16,Transit
343,343,2,4,41,2024-04-05 12:05:37,4.83,1.0,2024-04-05 12:50:17,42.64,Transit
344,344,2,4,42,2024-04-05 12:05:37,2.12,1.0,2024-04-05 12:50:17,39.93,Transit
345,345,2,4,43,2024-04-05 12:02:26,1.78,1.0,2024-04-05 12:45:16,40.96,Transit
346,346,2,4,44,2024-04-05 12:02:26,2.12,1.0,2024-04-05 12:45:16,41.3,Transit
347,347,2,4,45,2024-04-05 12:05:37,1.65,1.0,2024-04-05 12:50:17,39.46,Transit
348,348,2,4,46,2024-04-05 12:05:37,4.95,1.0,2024-04-05 12:50:17,42.760000000000005,Transit
349,349,2,4,47,2024-04-05 12:05:37,5.03,1.0,2024-04-05 12:50:17,42.84,Transit
350,350,2,4,48,2024-04-05 12:02:26,2.02,1.0,2024-04-05 12:45:16,41.2,Transit
351,351,2,4,49,2024-04-05 12:05:37,1.87,1.0,2024-04-05 12:50:17,39.68,Transit
352,352,2,4,50,2024-04-05 12:05:37,5.22,1.0,2024-04-05 12:50:17,43.03,Transit
353,353,2,4,51,2024-04-05 12:05:37,1.95,1.0,2024-04-05 12:50:17,39.760000000000005,Transit
354,354,2,4,52,2024-04-05 12:05:37,5.37,1.0,2024-04-05 12:50:17,43.18,Transit
355,355,2,4,53,2024-04-05 12:02:26,2.3,1.0,2024-04-05 12:45:16,41.48,Transit
356,356,2,4,54,2024-04-05 12:05:37,5.48,1.0,2024-04-05 12:50:17,43.290000000000006,Transit
357,357,2,4,55,2024-04-05 12:02:26,2.45,1.0,2024-04-05 12:45:16,41.63,Transit
358,358,2,4,56,2024-04-05 12:05:37,5.63,1.0,2024-04-05 12:50:17,43.440000000000005,Transit
359,359,2,4,57,2024-04-05 12:05:37,2.37,1.0,2024-04-05 12:50:17,40.18,Transit
360,360,2,4,58,2024-04-05 12:02:26,2.65,1.0,2024-04-05 12:45:16,41.83,Transit
361,361,2,4,59,2024-04-05 12:05:37,5.85,1.0,2024-04-05 12:50:17,43.66,Transit
362,362,3,1,0,2024-04-05 12:09:06,5.08,1.0,2024-04-05 13:22:31,72.63,Transit
363,363,3,1,1,2024-04-05 12:02:26,8.03,2.0,2024-04-05 12:40:25,37.21,Transit
364,364,3,1,2,2024-04-05 12:05:37,1.1,1.0,2024-04-05 13:03:02,53.3,Transit
365,365,3,1,3,2024-04-05 12:04:24,6.12,2.0,2024-04-05 12:40:25,34.03,Transit
366,366,3,1,4,2024-04-05 12:02:26,8.2,2.0,2024-04-05 12:40:25,37.38,Transit
367,367,3,1,5,2024-04-05 12:05:37,1.27,1.0,2024-04-05 13:03:02,53.470000000000006,Transit
368,368,3,1,6,2024-04-05 12:04:24,6.32,2.0,2024-04-05 12:40:25,34.230000000000004,Transit
369,369,3,1,7,2024-04-05 12:05:37,1.38,1.0,2024-04-05 13:03:02,53.580000000000005,Transit
370,370,3,1,8,2024-04-05 12:04:24,6.4,2.0,2024-04-05 12:40:25,34.31,Transit
371,371,3,1,9,2024-04-05 12:05:37,1.58,1.0,2024-04-05 13:03:02,53.78,Transit
372,372,3,1,10,2024-04-05 12:00:06,6.2,2.0,2024-04-05 12:40:25,37.760000000000005,Transit
373,373,3,1,11,2024-04-05 12:04:24,6.6,2.0,2024-04-05 12:40:25,34.51,Transit
374,374,3,1,12,2024-04-05 12:00:06,6.3,2.0,2024-04-05 12:40:25,37.86,Transit
375,375,3,1,13,2024-04-05 12:05:37,1.78,1.0,2024-04-05 13:03:02,53.98,Transit
376,376,3,1,14,2024-04-05 12:04:24,6.77,2.0,2024-04-05 12:40:25,34.68,Transit
377,377,3,1,15,2024-04-05 12:09:06,4.77,1.0,2024-04-05 13:22:31,72.32,Transit
378,378,3,1,16,2024-04-05 12:00:06,6.47,2.0,2024-04-05 12:40:25,38.03,Transit
379,379,3,1,17,2024-04-05 12:05:37,2.0,1.0,2024-04-05 13:03:02,54.2,Transit
380,380,3,1,18,2024-04-05 12:04:24,6.97,2.0,2024-04-05 12:40:25,34.88,Transit
381,381,3,1,19,2024-04-05 12:00:06,6.67,2.0,2024-04-05 12:40:25,38.23,Transit
382,382,3,1,20,2024-04-05 12:05:37,2.1,1.0,2024-04-05 13:03:02,54.3,Transit
383,383,3,1,21,2024-04-05 12:00:06,6.03,2.0,2024-04-05 12:40:25,37.59,Transit
384,384,3,1,22,2024-04-05 12:04:24,7.1,2.0,2024-04-05 12:40:25,35.01,Transit
385,385,3,1,23,2024-04-05 12:05:37,2.23,1.0,2024-04-05 13:03:02,54.43,Transit
386,386,3,1,24,2024-04-05 12:00:06,6.83,2.0,2024-04-05 12:40:25,38.39,Transit
387,387,3,1,25,2024-04-05 12:02:26,6.05,2.0,2024-04-05 12:40:25,35.23,Transit
388,388,3,1,26,2024-04-05 12:00:06,6.98,2.0,2024-04-05 12:40:25,38.540000000000006,Transit
389,389,3,1,27,2024-04-05 12:05:37,2.42,1.0,2024-04-05 13:03:02,54.620000000000005,Transit
390,390,3,1,28,2024-04-05 12:05:37,2.5,1.0,2024-04-05 13:03:02,54.7,Transit
391,391,3,1,29,2024-04-05 12:00:06,7.17,2.0,2024-04-05 12:40:25,38.73,Transit
392,392,3,1,30,2024-04-05 12:02:26,6.28,2.0,2024-04-05 12:40:25,35.46,Transit
393,393,3,1,31,2024-04-05 12:05:37,2.62,1.0,2024-04-05 13:03:02,54.82,Transit
394,394,3,1,32,2024-04-05 12:02:26,6.4,2.0,2024-04-05 12:40:25,35.58,Transit
395,395,3,1,33,2024-04-05 12:00:06,7.35,2.0,2024-04-05 12:40:25,38.91,Transit
396,396,3,1,34,2024-04-05 12:05:37,2.83,1.0,2024-04-05 13:03:02,55.03,Transit
397,397,3,1,35,2024-04-05 12:02:26,6.58,2.0,2024-04-05 12:40:25,35.76,Transit
398,398,3,1,36,2024-04-05 12:05:37,2.92,1.0,2024-04-05 13:03:02,55.120000000000005,Transit
399,399,3,1,37,2024-04-05 12:00:06,7.55,2.0,2024-04-05 12:40:25,39.11,Transit
400,400,3,1,38,2024-04-05 12:02:26,6.7,2.0,2024-04-05 12:40:25,35.88,Transit
401,401,3,1,39,2024-04-05 12:05:37,3.12,1.0,2024-04-05 13:03:02,55.32,Transit
402,402,3,1,40,2024-04-05 12:00:06,7.75,2.0,2024-04-05 12:40:25,39.31,Transit
403,403,3,1,41,2024-04-05 12:05:37,3.2,1.0,2024-04-05 13:03:02,55.400000000000006,Transit
404,404,3,1,42,2024-04-05 12:09:06,4.62,1.0,2024-04-05 13:22:31,72.17,Transit
405,405,3,1,43,2024-04-05 12:02:26,6.93,2.0,2024-04-05 12:40:25,36.11,Transit
406,406,3,1,44,2024-04-05 12:02:26,7.27,2.0,2024-04-05 12:40:25,36.45,Transit
407,407,3,1,45,2024-04-05 12:09:06,4.15,1.0,2024-04-05 13:22:31,71.7,Transit
408,408,3,1,46,2024-04-05 12:05:37,3.32,1.0,2024-04-05 13:03:02,55.52,Transit
409,409,3,1,47,2024-04-05 12:05:37,3.4,1.0,2024-04-05 13:03:02,55.6,Transit
410,410,3,1,48,2024-04-05 12:02:26,7.17,2.0,2024-04-05 12:40:25,36.35,Transit
411,411,3,1,49,2024-04-05 12:09:06,4.37,1.0,2024-04-05 13:22:31,71.92,Transit
412,412,3,1,50,2024-04-05 12:05:37,3.58,1.0,2024-04-05 13:03:02,55.78,Transit
413,413,3,1,51,2024-04-05 12:09:06,4.45,1.0,2024-04-05 13:22:31,72.0,Transit
414,414,3,1,52,2024-04-05 12:05:37,3.73,1.0,2024-04-05 13:03:02,55.93,Transit
415,415,3,1,53,2024-04-05 12:02:26,7.45,2.0,2024-04-05 12:40:25,36.63,Transit
416,416,3,1,54,2024-04-05 12:05:37,3.85,1.0,2024-04-05 13:03:02,56.05,Transit
417,417,3,1,55,2024-04-05 12:02:26,7.6,2.0,2024-04-05 12:40:25,36.78,Transit
418,418,3,1,56,2024-04-05 12:05:37,4.0,1.0,2024-04-05 13:03:02,56.2,Transit
419,419,3,1,57,2024-04-05 12:09:06,4.87,1.0,2024-04-05 13:22:31,72.42,Transit
420,420,3,1,58,2024-04-05 12:02:26,7.8,2.0,2024-04-05 12:40:25,36.98,Transit
421,421,3,1,59,2024-04-05 12:05:37,4.22,1.0,2024-04-05 13:03:02,56.42,Transit
422,422,3,2,0,2024-04-05 12:05:59,1.07,1.0,2024-04-05 13:06:05,56.2,Transit
423,423,3,2,1,2024-04-05 12:02:26,3.03,1.0,2024-04-05 12:51:43,48.510000000000005,Transit
424,424,3,2,2,2024-04-05 12:05:59,1.22,1.0,2024-04-05 13:06:05,56.35,Transit
425,425,3,2,3,2024-04-05 12:04:24,1.12,1.0,2024-04-05 12:51:43,45.33,Transit
426,426,3,2,4,2024-04-05 12:02:26,3.2,1.0,2024-04-05 12:51:43,48.68000000000001,Transit
427,427,3,2,5,2024-04-05 12:05:59,1.38,1.0,2024-04-05 13:06:05,56.51,Transit
428,428,3,2,6,2024-04-05 12:04:24,1.32,1.0,2024-04-05 12:51:43,45.53,Transit
429,429,3,2,7,2024-04-05 12:05:59,1.5,1.0,2024-04-05 13:06:05,56.63,Transit
430,430,3,2,8,2024-04-05 12:04:24,1.4,1.0,2024-04-05 12:51:43,45.61,Transit
431,431,3,2,9,2024-04-05 12:05:59,1.7,1.0,2024-04-05 13:06:05,56.83,Transit
432,432,3,2,10,2024-04-05 12:00:06,1.2,1.0,2024-04-05 12:51:43,49.06,Transit
433,433,3,2,11,2024-04-05 12:04:24,1.6,1.0,2024-04-05 12:51:43,45.81,Transit
434,434,3,2,12,2024-04-05 12:00:06,1.3,1.0,2024-04-05 12:51:43,49.16,Transit
435,435,3,2,13,2024-04-05 12:05:59,1.9,1.0,2024-04-05 13:06:05,57.03,Transit
436,436,3,2,14,2024-04-05 12:04:24,1.77,1.0,2024-04-05 12:51:43,45.98,Transit
437,437,3,2,15,2024-04-05 12:09:06,4.32,1.0,2024-04-05 13:06:05,55.88,Transit
438,438,3,2,16,2024-04-05 12:00:06,1.47,1.0,2024-04-05 12:51:43,49.33,Transit
439,439,3,2,17,2024-04-05 12:05:59,2.12,1.0,2024-04-05 13:06:05,57.24999999999999,Transit
440,440,3,2,18,2024-04-05 12:04:24,1.97,1.0,2024-04-05 12:51:43,46.18,Transit
441,441,3,2,19,2024-04-05 12:00:06,1.67,1.0,2024-04-05 12:51:43,49.53,Transit
442,442,3,2,20,2024-04-05 12:05:59,2.22,1.0,2024-04-05 13:06:05,57.35,Transit
443,443,3,2,21,2024-04-05 12:00:06,1.03,1.0,2024-04-05 12:51:43,48.89,Transit
444,444,3,2,22,2024-04-05 12:04:24,2.1,1.0,2024-04-05 12:51:43,46.31,Transit
445,445,3,2,23,2024-04-05 12:05:59,2.35,1.0,2024-04-05 13:06:05,57.48,Transit
446,446,3,2,24,2024-04-05 12:00:06,1.83,1.0,2024-04-05 12:51:43,49.69,Transit
447,447,3,2,25,2024-04-05 12:02:26,1.05,1.0,2024-04-05 12:51:43,46.53,Transit
448,448,3,2,26,2024-04-05 12:00:06,1.98,1.0,2024-04-05 12:51:43,49.84,Transit
449,449,3,2,27,2024-04-05 12:05:59,2.53,1.0,2024-04-05 13:06:05,57.66,Transit
450,450,3,2,28,2024-04-05 12:05:59,2.62,1.0,2024-04-05 13:06:05,57.74999999999999,Transit
451,451,3,2,29,2024-04-05 12:00:06,2.17,1.0,2024-04-05 12:51:43,50.03,Transit
452,452,3,2,30,2024-04-05 12:02:26,1.28,1.0,2024-04-05 12:51:43,46.760000000000005,Transit
453,453,3,2,31,2024-04-05 12:05:59,2.73,1.0,2024-04-05 13:06:05,57.85999999999999,Transit
454,454,3,2,32,2024-04-05 12:02:26,1.4,1.0,2024-04-05 12:51:43,46.88,Transit
455,455,3,2,33,2024-04-05 12:00:06,2.35,1.0,2024-04-05 12:51:43,50.21,Transit
456,456,3,2,34,2024-04-05 12:05:59,2.95,1.0,2024-04-05 13:06:05,58.08,Transit
457,457,3,2,35,2024-04-05 12:02:26,1.58,1.0,2024-04-05 12:51:43,47.06,Transit
458,458,3,2,36,2024-04-05 12:05:59,3.03,1.0,2024-04-05 13:06:05,58.16,Transit
459,459,3,2,37,2024-04-05 12:00:06,2.55,1.0,2024-04-05 12:51:43,50.41,Transit
460,460,3,2,38,2024-04-05 12:02:26,1.7,1.0,2024-04-05 12:51:43,47.18000000000001,Transit
461,461,3,2,39,2024-04-05 12:05:59,3.23,1.0,2024-04-05 13:06:05,58.35999999999999,Transit
462,462,3,2,40,2024-04-05 12:00:06,2.75,1.0,2024-04-05 12:51:43,50.61,Transit
463,463,3,2,41,2024-04-05 12:05:59,3.32,1.0,2024-04-05 13:06:05,58.45,Transit
464,464,3,2,42,2024-04-05 12:09:06,4.17,1.0,2024-04-05 13:06:05,55.73,Transit
465,465,3,2,43,2024-04-05 12:02:26,1.93,1.0,2024-04-05 12:51:43,47.41,Transit
466,466,3,2,44,2024-04-05 12:02:26,2.27,1.0,2024-04-05 12:51:43,47.75000000000001,Transit
467,467,3,2,45,2024-04-05 12:09:06,3.7,1.0,2024-04-05 13:06:05,55.260000000000005,Transit
468,468,3,2,46,2024-04-05 12:05:59,3.43,1.0,2024-04-05 13:06:05,58.56,Transit
469,469,3,2,47,2024-04-05 12:05:59,3.52,1.0,2024-04-05 13:06:05,58.65,Transit
470,470,3,2,48,2024-04-05 12:02:26,2.17,1.0,2024-04-05 12:51:43,47.650000000000006,Transit
471,471,3,2,49,2024-04-05 12:09:06,3.92,1.0,2024-04-05 13:06:05,55.48,Transit
472,472,3,2,50,2024-04-05 12:05:59,3.7,1.0,2024-04-05 13:06:05,58.83,Transit
473,473,3,2,51,2024-04-05 12:09:06,4.0,1.0,2024-04-05 13:06:05,55.56,Transit
474,474,3,2,52,2024-04-05 12:05:59,3.85,1.0,2024-04-05 13:06:05,58.98,Transit
475,475,3,2,53,2024-04-05 12:02:26,2.45,1.0,2024-04-05 12:51:43,47.93000000000001,Transit
476,476,3,2,54,2024-04-05 12:05:59,3.97,1.0,2024-04-05 13:06:05,59.1,Transit
477,477,3,2,55,2024-04-05 12:02:26,2.6,1.0,2024-04-05 12:51:43,48.080000000000005,Transit
478,478,3,2,56,2024-04-05 12:05:37,1.12,1.0,2024-04-05 13:05:30,58.67,Transit
479,479,3,2,57,2024-04-05 12:09:06,4.42,1.0,2024-04-05 13:06:05,55.98,Transit
480,480,3,2,58,2024-04-05 12:02:26,2.8,1.0,2024-04-05 12:51:43,48.28,Transit
481,481,3,2,59,2024-04-05 12:05:37,1.33,1.0,2024-04-05 13:05:30,58.88,Transit
482,482,3,3,0,0,0.0,0.0,,0.0,Transit
483,483,3,4,0,2024-04-05 12:02:26,3.03,1.0,2024-04-05 12:31:23,28.18,Transit
484,484,3,4,1,2024-04-05 12:04:24,1.12,1.0,2024-04-05 12:31:23,25.0,Transit
485,485,3,4,2,2024-04-05 12:02:26,3.2,1.0,2024-04-05 12:31:23,28.35,Transit
486,486,3,4,3,2024-04-05 12:04:24,1.32,1.0,2024-04-05 12:31:23,25.2,Transit
487,487,3,4,4,2024-04-05 12:04:24,1.4,1.0,2024-04-05 12:31:23,25.28,Transit
488,488,3,4,5,2024-04-05 12:00:06,1.2,1.0,2024-04-05 12:31:23,28.73,Transit
489,489,3,4,6,2024-04-05 12:04:24,1.6,1.0,2024-04-05 12:31:23,25.48,Transit
490,490,3,4,7,2024-04-05 12:00:06,1.3,1.0,2024-04-05 12:31:23,28.83,Transit
491,491,3,4,8,2024-04-05 12:04:24,1.77,1.0,2024-04-05 12:31:23,25.65,Transit
492,492,3,4,9,2024-04-05 12:00:06,1.47,1.0,2024-04-05 12:31:23,29.0,Transit
493,493,3,4,10,2024-04-05 12:04:24,1.97,1.0,2024-04-05 12:31:23,25.85,Transit
494,494,3,4,11,2024-04-05 12:00:06,1.67,1.0,2024-04-05 12:31:23,29.200000000000003,Transit
495,495,3,4,12,2024-04-05 12:00:06,1.03,1.0,2024-04-05 12:31:23,28.56,Transit
496,496,3,4,13,2024-04-05 12:04:24,2.1,1.0,2024-04-05 12:31:23,25.98,Transit
497,497,3,4,14,2024-04-05 12:00:06,1.83,1.0,2024-04-05 12:31:23,29.36,Transit
498,498,3,4,15,2024-04-05 12:02:26,1.05,1.0,2024-04-05 12:31:23,26.2,Transit
499,499,3,4,16,2024-04-05 12:00:06,1.98,1.0,2024-04-05 12:31:23,29.51,Transit
500,500,3,4,17,2024-04-05 12:00:06,2.17,1.0,2024-04-05 12:31:23,29.700000000000003,Transit
501,501,3,4,18,2024-04-05 12:02:26,1.28,1.0,2024-04-05 12:31:23,26.43,Transit
502,502,3,4,19,2024-04-05 12:02:26,1.4,1.0,2024-04-05 12:31:23,26.55,Transit
503,503,3,4,20,2024-04-05 12:00:06,2.35,1.0,2024-04-05 12:31:23,29.880000000000003,Transit
504,504,3,4,21,2024-04-05 12:05:37,1.22,1.0,2024-04-05 12:53:12,45.2,Transit
505,505,3,4,22,2024-04-05 12:02:26,1.58,1.0,2024-04-05 12:31:23,26.73,Transit
506,506,3,4,23,2024-04-05 12:05:37,1.3,1.0,2024-04-05 12:53:12,45.28,Transit
507,507,3,4,24,2024-04-05 12:00:06,2.55,1.0,2024-04-05 12:31:23,30.08,Transit
508,508,3,4,25,2024-04-05 12:02:26,1.7,1.0,2024-04-05 12:31:23,26.85,Transit
509,509,3,4,26,2024-04-05 12:05:37,1.5,1.0,2024-04-05 12:53:12,45.48,Transit
510,510,3,4,27,2024-04-05 12:00:06,2.75,1.0,2024-04-05 12:31:23,30.28,Transit
511,511,3,4,28,2024-04-05 12:05:37,1.58,1.0,2024-04-05 12:53:12,45.56,Transit
512,512,3,4,29,2024-04-05 12:02:26,1.93,1.0,2024-04-05 12:31:23,27.08,Transit
513,513,3,4,30,2024-04-05 12:02:26,2.27,1.0,2024-04-05 12:31:23,27.42,Transit
514,514,3,4,31,2024-04-05 12:05:37,1.7,1.0,2024-04-05 12:53:12,45.68000000000001,Transit
515,515,3,4,32,2024-04-05 12:05:37,1.78,1.0,2024-04-05 12:53:12,45.760000000000005,Transit
516,516,3,4,33,2024-04-05 12:02:26,2.17,1.0,2024-04-05 12:31:23,27.32,Transit
517,517,3,4,34,2024-04-05 12:05:37,1.97,1.0,2024-04-05 12:53:12,45.95,Transit
518,518,3,4,35,2024-04-05 12:05:37,2.12,1.0,2024-04-05 12:53:12,46.1,Transit
519,519,3,4,36,2024-04-05 12:02:26,2.45,1.0,2024-04-05 12:31:23,27.6,Transit
520,520,3,4,37,2024-04-05 12:05:37,2.23,1.0,2024-04-05 12:53:12,46.21,Transit
521,521,3,4,38,2024-04-05 12:02:26,2.6,1.0,2024-04-05 12:31:23,27.75,Transit
522,522,3,4,39,2024-04-05 12:05:37,2.38,1.0,2024-04-05 12:53:12,46.36000000000001,Transit
523,523,3,4,40,2024-04-05 12:02:26,2.8,1.0,2024-04-05 12:31:23,27.95,Transit
524,524,3,4,41,2024-04-05 12:05:37,2.6,1.0,2024-04-05 12:53:12,46.580000000000005,Transit
525,525,4,1,0,2024-04-05 12:09:06,8.73,1.0,2024-04-05 12:50:12,40.31,Transit
526,526,4,1,1,2024-04-05 12:02:26,3.17,1.0,2024-04-05 12:43:00,39.8,Transit
527,527,4,1,2,2024-04-05 12:09:06,8.88,1.0,2024-04-05 12:50:12,40.46,Transit
528,528,4,1,3,2024-04-05 12:05:37,3.4,1.0,2024-04-05 12:43:10,36.78,Transit
529,529,4,1,4,2024-04-05 12:02:26,3.33,1.0,2024-04-05 12:43:00,39.96,Transit
530,530,4,1,5,2024-04-05 12:09:06,9.05,1.0,2024-04-05 12:50:12,40.63,Transit
531,531,4,1,6,2024-04-05 12:05:37,3.6,1.0,2024-04-05 12:43:10,36.98,Transit
532,532,4,1,7,2024-04-05 12:09:06,9.17,1.0,2024-04-05 12:50:12,40.75,Transit
533,533,4,1,8,2024-04-05 12:05:37,3.68,1.0,2024-04-05 12:43:10,37.06,Transit
534,534,4,1,9,2024-04-05 12:09:06,9.37,1.0,2024-04-05 12:50:12,40.95,Transit
535,535,4,1,10,2024-04-05 12:02:26,3.72,1.0,2024-04-05 12:43:00,40.35,Transit
536,536,4,1,11,2024-04-05 12:05:37,3.88,1.0,2024-04-05 12:43:10,37.260000000000005,Transit
537,537,4,1,12,2024-04-05 12:02:26,3.82,1.0,2024-04-05 12:43:00,40.45,Transit
538,538,4,1,13,2024-04-05 12:09:06,9.57,1.0,2024-04-05 12:50:12,41.15,Transit
539,539,4,1,14,2024-04-05 12:05:37,4.05,1.0,2024-04-05 12:43:10,37.43,Transit
540,540,4,1,15,2024-04-05 12:09:06,8.42,1.0,2024-04-05 12:50:12,40.0,Transit
541,541,4,1,16,2024-04-05 12:02:26,3.98,1.0,2024-04-05 12:43:00,40.60999999999999,Transit
542,542,4,1,17,2024-04-05 12:09:06,9.78,1.0,2024-04-05 12:50:12,41.36,Transit
543,543,4,1,18,2024-04-05 12:05:37,4.25,1.0,2024-04-05 12:43:10,37.63,Transit
544,544,4,1,19,2024-04-05 12:02:26,4.18,1.0,2024-04-05 12:43:00,40.81,Transit
545,545,4,1,20,2024-04-05 12:05:37,1.05,1.0,2024-04-05 12:43:10,34.43,Transit
546,546,4,1,21,2024-04-05 12:02:26,3.55,1.0,2024-04-05 12:43:00,40.17999999999999,Transit
547,547,4,1,22,2024-04-05 12:05:37,4.38,1.0,2024-04-05 12:43:10,37.760000000000005,Transit
548,548,4,1,23,2024-04-05 12:05:37,1.18,1.0,2024-04-05 12:43:10,34.56,Transit
549,549,4,1,24,2024-04-05 12:02:26,4.35,1.0,2024-04-05 12:43:00,40.98,Transit
550,550,4,1,25,2024-04-05 12:02:26,1.18,1.0,2024-04-05 12:43:00,37.81,Transit
551,551,4,1,26,2024-04-05 12:02:26,4.5,1.0,2024-04-05 12:43:00,41.13,Transit
552,552,4,1,27,2024-04-05 12:05:37,1.37,1.0,2024-04-05 12:43:10,34.75,Transit
553,553,4,1,28,2024-04-05 12:05:37,1.45,1.0,2024-04-05 12:43:10,34.830000000000005,Transit
554,554,4,1,29,2024-04-05 12:00:18,6.17,2.0,2024-04-05 12:25:25,23.730000000000004,Transit
555,555,4,1,30,2024-04-05 12:02:26,1.42,1.0,2024-04-05 12:43:00,38.05,Transit
556,556,4,1,31,2024-04-05 12:05:37,1.57,1.0,2024-04-05 12:43:10,34.95,Transit
557,557,4,1,32,2024-04-05 12:02:26,1.53,1.0,2024-04-05 12:43:00,38.16,Transit
558,558,4,1,33,2024-04-05 12:00:18,6.35,2.0,2024-04-05 12:25:25,23.910000000000004,Transit
559,559,4,1,34,2024-04-05 12:05:37,1.78,1.0,2024-04-05 12:43:10,35.160000000000004,Transit
560,560,4,1,35,2024-04-05 12:02:26,1.72,1.0,2024-04-05 12:43:00,38.35,Transit
561,561,4,1,36,2024-04-05 12:05:37,1.87,1.0,2024-04-05 12:43:10,35.25,Transit
562,562,4,1,37,2024-04-05 12:00:18,6.55,2.0,2024-04-05 12:25:25,24.110000000000003,Transit
563,563,4,1,38,2024-04-05 12:02:26,1.83,1.0,2024-04-05 12:43:00,38.46,Transit
564,564,4,1,39,2024-04-05 12:05:37,2.07,1.0,2024-04-05 12:43:10,35.45,Transit
565,565,4,1,40,2024-04-05 12:00:06,1.02,1.0,2024-04-05 12:25:25,24.32,Transit
566,566,4,1,41,2024-04-05 12:05:37,2.15,1.0,2024-04-05 12:43:10,35.53,Transit
567,567,4,1,42,2024-04-05 12:09:06,8.27,1.0,2024-04-05 12:50:12,39.85,Transit
568,568,4,1,43,2024-04-05 12:02:26,2.07,1.0,2024-04-05 12:43:00,38.7,Transit
569,569,4,1,44,2024-04-05 12:02:26,2.4,1.0,2024-04-05 12:43:00,39.03,Transit
570,570,4,1,45,2024-04-05 12:09:06,7.8,1.0,2024-04-05 12:50:12,39.38,Transit
571,571,4,1,46,2024-04-05 12:05:37,2.27,1.0,2024-04-05 12:43:10,35.650000000000006,Transit
572,572,4,1,47,2024-04-05 12:05:37,2.35,1.0,2024-04-05 12:43:10,35.730000000000004,Transit
573,573,4,1,48,2024-04-05 12:02:26,2.3,1.0,2024-04-05 12:43:00,38.92999999999999,Transit
574,574,4,1,49,2024-04-05 12:09:06,8.02,1.0,2024-04-05 12:50:12,39.6,Transit
575,575,4,1,50,2024-04-05 12:05:37,2.53,1.0,2024-04-05 12:43:10,35.910000000000004,Transit
576,576,4,1,51,2024-04-05 12:09:06,8.1,1.0,2024-04-05 12:50:12,39.68,Transit
577,577,4,1,52,2024-04-05 12:05:37,2.68,1.0,2024-04-05 12:43:10,36.06,Transit
578,578,4,1,53,2024-04-05 12:02:26,2.58,1.0,2024-04-05 12:43:00,39.21,Transit
579,579,4,1,54,2024-04-05 12:05:37,2.8,1.0,2024-04-05 12:43:10,36.18,Transit
580,580,4,1,55,2024-04-05 12:02:26,2.73,1.0,2024-04-05 12:43:00,39.35999999999999,Transit
581,581,4,1,56,2024-04-05 12:05:37,2.95,1.0,2024-04-05 12:43:10,36.330000000000005,Transit
582,582,4,1,57,2024-04-05 12:09:06,8.52,1.0,2024-04-05 12:50:12,40.1,Transit
583,583,4,1,58,2024-04-05 12:02:26,2.93,1.0,2024-04-05 12:43:00,39.56,Transit
584,584,4,1,59,2024-04-05 12:05:37,3.17,1.0,2024-04-05 12:43:10,36.55,Transit
585,585,4,2,0,2024-04-05 12:09:06,3.0,1.0,2024-04-05 12:52:30,42.61,Transit
586,586,4,2,1,2024-04-05 12:02:26,3.37,1.0,2024-04-05 12:47:39,44.45,Transit
587,587,4,2,2,2024-04-05 12:05:37,1.07,1.0,2024-04-05 12:51:03,41.32,Transit
588,588,4,2,3,2024-04-05 12:05:37,4.42,1.0,2024-04-05 12:51:03,44.67,Transit
589,589,4,2,4,2024-04-05 12:02:26,3.53,1.0,2024-04-05 12:47:39,44.61,Transit
590,590,4,2,5,2024-04-05 12:05:37,1.23,1.0,2024-04-05 12:51:03,41.48,Transit
591,591,4,2,6,2024-04-05 12:05:37,4.62,1.0,2024-04-05 12:51:03,44.87,Transit
592,592,4,2,7,2024-04-05 12:05:37,1.35,1.0,2024-04-05 12:51:03,41.6,Transit
593,593,4,2,8,2024-04-05 12:05:37,4.7,1.0,2024-04-05 12:51:03,44.95,Transit
594,594,4,2,9,2024-04-05 12:05:37,1.55,1.0,2024-04-05 12:51:03,41.8,Transit
595,595,4,2,10,2024-04-05 12:02:26,3.92,1.0,2024-04-05 12:47:39,45.0,Transit
596,596,4,2,11,2024-04-05 12:05:37,4.9,1.0,2024-04-05 12:51:03,45.15,Transit
597,597,4,2,12,2024-04-05 12:02:26,4.02,1.0,2024-04-05 12:47:39,45.1,Transit
598,598,4,2,13,2024-04-05 12:05:37,1.75,1.0,2024-04-05 12:51:03,42.0,Transit
599,599,4,2,14,2024-04-05 12:05:37,5.07,1.0,2024-04-05 12:51:03,45.32,Transit
600,600,4,2,15,2024-04-05 12:09:06,2.68,1.0,2024-04-05 12:52:30,42.29,Transit
601,601,4,2,16,2024-04-05 12:02:26,4.18,1.0,2024-04-05 12:47:39,45.26,Transit
602,602,4,2,17,2024-04-05 12:05:37,1.97,1.0,2024-04-05 12:51:03,42.22,Transit
603,603,4,2,18,2024-04-05 12:02:26,1.03,1.0,2024-04-05 12:47:39,42.11,Transit
604,604,4,2,19,2024-04-05 12:02:26,4.38,1.0,2024-04-05 12:47:39,45.46,Transit
605,605,4,2,20,2024-04-05 12:05:37,2.07,1.0,2024-04-05 12:51:03,42.32,Transit
606,606,4,2,21,2024-04-05 12:02:26,3.75,1.0,2024-04-05 12:47:39,44.83,Transit
607,607,4,2,22,2024-04-05 12:02:26,1.17,1.0,2024-04-05 12:47:39,42.25,Transit
608,608,4,2,23,2024-04-05 12:05:37,2.2,1.0,2024-04-05 12:51:03,42.45,Transit
609,609,4,2,24,2024-04-05 12:00:52,1.17,1.0,2024-04-05 12:49:33,47.53,Transit
610,610,4,2,25,2024-04-05 12:02:26,1.38,1.0,2024-04-05 12:47:39,42.46,Transit
611,611,4,2,26,2024-04-05 12:00:52,1.32,1.0,2024-04-05 12:49:33,47.68,Transit
612,612,4,2,27,2024-04-05 12:05:37,2.38,1.0,2024-04-05 12:51:03,42.63,Transit
613,613,4,2,28,2024-04-05 12:05:37,2.47,1.0,2024-04-05 12:51:03,42.72,Transit
614,614,4,2,29,2024-04-05 12:02:26,4.88,1.0,2024-04-05 12:47:39,45.96,Transit
615,615,4,2,30,2024-04-05 12:02:26,1.62,1.0,2024-04-05 12:47:39,42.7,Transit
616,616,4,2,31,2024-04-05 12:05:37,2.58,1.0,2024-04-05 12:51:03,42.83,Transit
617,617,4,2,32,2024-04-05 12:02:26,1.73,1.0,2024-04-05 12:47:39,42.81,Transit
618,618,4,2,33,2024-04-05 12:02:26,5.07,1.0,2024-04-05 12:47:39,46.15,Transit
619,619,4,2,34,2024-04-05 12:05:37,2.8,1.0,2024-04-05 12:51:03,43.05,Transit
620,620,4,2,35,2024-04-05 12:02:26,1.92,1.0,2024-04-05 12:47:39,43.0,Transit
621,621,4,2,36,2024-04-05 12:05:37,2.88,1.0,2024-04-05 12:51:03,43.13,Transit
622,622,4,2,37,2024-04-05 12:02:26,5.27,1.0,2024-04-05 12:47:39,46.35,Transit
623,623,4,2,38,2024-04-05 12:02:26,2.03,1.0,2024-04-05 12:47:39,43.11,Transit
624,624,4,2,39,2024-04-05 12:05:37,3.08,1.0,2024-04-05 12:51:03,43.33,Transit
625,625,4,2,40,2024-04-05 12:02:26,5.47,1.0,2024-04-05 12:47:39,46.55,Transit
626,626,4,2,41,2024-04-05 12:05:37,3.17,1.0,2024-04-05 12:51:03,43.42,Transit
627,627,4,2,42,2024-04-05 12:09:06,2.53,1.0,2024-04-05 12:52:30,42.14,Transit
628,628,4,2,43,2024-04-05 12:02:26,2.27,1.0,2024-04-05 12:47:39,43.35,Transit
629,629,4,2,44,2024-04-05 12:02:26,2.6,1.0,2024-04-05 12:47:39,43.68,Transit
630,630,4,2,45,2024-04-05 12:09:06,2.07,1.0,2024-04-05 12:52:30,41.68,Transit
631,631,4,2,46,2024-04-05 12:05:37,3.28,1.0,2024-04-05 12:51:03,43.53,Transit
632,632,4,2,47,2024-04-05 12:05:37,3.37,1.0,2024-04-05 12:51:03,43.62,Transit
633,633,4,2,48,2024-04-05 12:02:26,2.5,1.0,2024-04-05 12:47:39,43.58,Transit
634,634,4,2,49,2024-04-05 12:09:06,2.28,1.0,2024-04-05 12:52:30,41.89,Transit
635,635,4,2,50,2024-04-05 12:05:37,3.55,1.0,2024-04-05 12:51:03,43.8,Transit
636,636,4,2,51,2024-04-05 12:09:06,2.37,1.0,2024-04-05 12:52:30,41.98,Transit
637,637,4,2,52,2024-04-05 12:05:37,3.7,1.0,2024-04-05 12:51:03,43.95,Transit
638,638,4,2,53,2024-04-05 12:02:26,2.78,1.0,2024-04-05 12:47:39,43.86,Transit
639,639,4,2,54,2024-04-05 12:05:37,3.82,1.0,2024-04-05 12:51:03,44.07,Transit
640,640,4,2,55,2024-04-05 12:02:26,2.93,1.0,2024-04-05 12:47:39,44.01,Transit
641,641,4,2,56,2024-04-05 12:05:37,3.97,1.0,2024-04-05 12:51:03,44.22,Transit
642,642,4,2,57,2024-04-05 12:09:06,2.78,1.0,2024-04-05 12:52:30,42.39,Transit
643,643,4,2,58,2024-04-05 12:02:26,3.13,1.0,2024-04-05 12:47:39,44.21,Transit
644,644,4,2,59,2024-04-05 12:05:37,4.18,1.0,2024-04-05 12:51:03,44.43,Transit
645,645,4,3,0,2024-04-05 12:06:43,1.12,1.0,2024-04-05 12:42:39,32.77,Transit
646,646,4,3,1,2024-04-05 12:00:06,1.22,1.0,2024-04-05 12:42:39,39.46,Transit
647,647,4,3,2,2024-04-05 12:06:43,1.27,1.0,2024-04-05 12:42:39,32.92,Transit
648,648,4,3,3,2024-04-05 12:05:37,2.28,1.0,2024-04-05 12:42:39,36.27,Transit
649,649,4,3,4,2024-04-05 12:00:06,1.38,1.0,2024-04-05 12:42:39,39.62,Transit
650,650,4,3,5,2024-04-05 12:06:43,1.43,1.0,2024-04-05 12:42:39,33.08,Transit
651,651,4,3,6,2024-04-05 12:05:37,2.48,1.0,2024-04-05 12:42:39,36.47,Transit
652,652,4,3,7,2024-04-05 12:06:43,1.55,1.0,2024-04-05 12:42:39,33.2,Transit
653,653,4,3,8,2024-04-05 12:05:37,2.57,1.0,2024-04-05 12:42:39,36.56,Transit
654,654,4,3,9,2024-04-05 12:06:43,1.75,1.0,2024-04-05 12:42:39,33.4,Transit
655,655,4,3,10,2024-04-05 12:00:06,1.77,1.0,2024-04-05 12:42:39,40.01,Transit
656,656,4,3,11,2024-04-05 12:05:37,2.77,1.0,2024-04-05 12:42:39,36.760000000000005,Transit
657,657,4,3,12,2024-04-05 12:00:06,1.87,1.0,2024-04-05 12:42:39,40.10999999999999,Transit
658,658,4,3,13,2024-04-05 12:06:43,1.95,1.0,2024-04-05 12:42:39,33.6,Transit
659,659,4,3,14,2024-04-05 12:05:37,2.93,1.0,2024-04-05 12:42:39,36.92,Transit
660,660,4,3,15,2024-04-05 12:09:06,10.1,1.0,2024-04-05 12:52:31,42.32,Transit
661,661,4,3,16,2024-04-05 12:00:06,2.03,1.0,2024-04-05 12:42:39,40.27,Transit
662,662,4,3,17,2024-04-05 12:06:43,2.17,1.0,2024-04-05 12:42:39,33.82,Transit
663,663,4,3,18,2024-04-05 12:05:37,3.13,1.0,2024-04-05 12:42:39,37.120000000000005,Transit
664,664,4,3,19,2024-04-05 12:00:06,2.23,1.0,2024-04-05 12:42:39,40.46999999999999,Transit
665,665,4,3,20,2024-04-05 12:06:43,2.27,1.0,2024-04-05 12:42:39,33.92,Transit
666,666,4,3,21,2024-04-05 12:00:06,1.6,1.0,2024-04-05 12:42:39,39.84,Transit
667,667,4,3,22,2024-04-05 12:05:37,3.27,1.0,2024-04-05 12:42:39,37.260000000000005,Transit
668,668,4,3,23,2024-04-05 12:06:43,2.4,1.0,2024-04-05 12:42:39,34.05,Transit
669,669,4,3,24,2024-04-05 12:00:06,2.4,1.0,2024-04-05 12:42:39,40.63999999999999,Transit
670,670,4,3,25,2024-04-05 12:05:37,3.48,1.0,2024-04-05 12:42:39,37.47,Transit
671,671,4,3,26,2024-04-05 12:00:06,2.55,1.0,2024-04-05 12:42:39,40.78999999999999,Transit
672,672,4,3,27,2024-04-05 12:06:43,2.58,1.0,2024-04-05 12:42:39,34.23,Transit
673,673,4,3,28,2024-04-05 12:06:43,2.67,1.0,2024-04-05 12:42:39,34.32,Transit
674,674,4,3,29,2024-04-05 12:00:06,2.73,1.0,2024-04-05 12:42:39,40.96999999999999,Transit
675,675,4,3,30,2024-04-05 12:05:37,3.72,1.0,2024-04-05 12:42:39,37.71,Transit
676,676,4,3,31,2024-04-05 12:06:43,2.78,1.0,2024-04-05 12:42:39,34.43,Transit
677,677,4,3,32,2024-04-05 12:05:37,3.83,1.0,2024-04-05 12:42:39,37.82,Transit
678,678,4,3,33,2024-04-05 12:00:06,2.92,1.0,2024-04-05 12:42:39,41.16,Transit
679,679,4,3,34,2024-04-05 12:06:43,3.0,1.0,2024-04-05 12:42:39,34.65,Transit
680,680,4,3,35,2024-04-05 12:05:37,4.02,1.0,2024-04-05 12:42:39,38.010000000000005,Transit
681,681,4,3,36,2024-04-05 12:06:43,3.08,1.0,2024-04-05 12:42:39,34.73,Transit
682,682,4,3,37,2024-04-05 12:00:06,3.12,1.0,2024-04-05 12:42:39,41.35999999999999,Transit
683,683,4,3,38,2024-04-05 12:05:37,4.13,1.0,2024-04-05 12:42:39,38.120000000000005,Transit
684,684,4,3,39,2024-04-05 12:06:43,3.28,1.0,2024-04-05 12:42:39,34.93,Transit
685,685,4,3,40,2024-04-05 12:00:06,3.32,1.0,2024-04-05 12:42:39,41.56,Transit
686,686,4,3,41,2024-04-05 12:05:37,1.03,1.0,2024-04-05 12:42:39,35.02,Transit
687,687,4,3,42,2024-04-05 12:09:06,9.95,1.0,2024-04-05 12:52:31,42.17,Transit
688,688,4,3,43,2024-04-05 12:05:37,4.37,1.0,2024-04-05 12:42:39,38.36,Transit
689,689,4,3,44,2024-04-05 12:05:37,4.7,1.0,2024-04-05 12:42:39,38.690000000000005,Transit
690,690,4,3,45,2024-04-05 12:09:06,9.48,1.0,2024-04-05 12:52:31,41.7,Transit
691,691,4,3,46,2024-04-05 12:05:37,1.15,1.0,2024-04-05 12:42:39,35.14,Transit
692,692,4,3,47,2024-04-05 12:05:37,1.23,1.0,2024-04-05 12:42:39,35.22,Transit
693,693,4,3,48,2024-04-05 12:05:37,4.6,1.0,2024-04-05 12:42:39,38.59,Transit
694,694,4,3,49,2024-04-05 12:09:06,9.7,1.0,2024-04-05 12:52:31,41.92,Transit
695,695,4,3,50,2024-04-05 12:05:37,1.42,1.0,2024-04-05 12:42:39,35.410000000000004,Transit
696,696,4,3,51,2024-04-05 12:09:06,9.78,1.0,2024-04-05 12:52:31,42.0,Transit
697,697,4,3,52,2024-04-05 12:05:37,1.57,1.0,2024-04-05 12:42:39,35.56,Transit
698,698,4,3,53,2024-04-05 12:05:37,4.88,1.0,2024-04-05 12:42:39,38.870000000000005,Transit
699,699,4,3,54,2024-04-05 12:05:37,1.68,1.0,2024-04-05 12:42:39,35.67,Transit
700,700,4,3,55,2024-04-05 12:05:37,5.03,1.0,2024-04-05 12:42:39,39.02,Transit
701,701,4,3,56,2024-04-05 12:05:37,1.83,1.0,2024-04-05 12:42:39,35.82,Transit
702,702,4,3,57,2024-04-05 12:09:06,10.2,1.0,2024-04-05 12:52:31,42.42,Transit
703,703,4,3,58,2024-04-05 12:05:37,5.23,1.0,2024-04-05 12:42:39,39.22,Transit
704,704,4,3,59,2024-04-05 12:05:37,2.05,1.0,2024-04-05 12:42:39,36.04,Transit
705,705,4,4,0,0,0.0,0.0,,0.0,Transit
